Vendor Name,Author,
100 Queen’s Gate,100queensgate,
100 Wardour St,100wardourst,
116 Pall Mall,116pallmall,
14 Hills,14hillsldn,
28-50 Wine Workshop & Kitchen,2850marylebone,
"28-50 Wine Workshop & Kitchen, Chelsea",2850chelsea,
"28-50 Wine Workshop & Kitchen, South Kensington",2850southken,
30 Euston Square,30eustonsquare,
ABBA Voyage,abbavoyage,
Abigail Lucy,byabigaillucy,
ABQ,abqlondon,
Absurd Bird Soho,absurdbirduk,
Adams Photography,adams.wedding.photography,
Adventure Cinema,adventurecinema,
Aeronaut,aeronautacton,
Agua Spa London,aguaspaldn,
AIRE Ancient Baths UK,aireancientbaths_uk,
Albion House Hotel,albionhouseramsgate,
Alchemist London – Canary Wharf,thealchemistuk,
Alcotraz Penitentiary,alcotraz_uk,
Alexa Penberthy,alexa.penberthy,
Alexander House,_alexanderhouse,
Alexandra Palace,yourallypally,
All Bar One New Oxford Street,allbarone,
All Points East,allpointseastuk,
All Star Lanes Brick Lane,allstarlanes,
Allora Hall,allorahall,
Alwyne Castle,alwyne_castle,
Amazing Grace,amazinggraceldn,
Amp Studios,maverickprojects,
Andaz London Liverpool Street,andazlondon,
Angel London N6,theangelhighgate,
Angela Coomey,angelacoomey,
Ann’s Smart School of Cookery,annscookeryschool,
Another Place Hotel,anotherplacehotels,
Antillean,antilleanrestaurant,
Apex Temple Court,apexhotels,
Appleby Manor & Garden Spa,applebymanor,
Aqua Kyoto,aquakyotolondon,
Aqua Nueva,aquanueva,
Aqua Shard Bar,aquashard,
Aquavit,aquavitlondon,
Archer Street Soho,archerstreetsoho,
Artist Residence Hotels,artistresidence,
Aspen And Meursault,bar_aspen,
Atlantis Art Materials,atlantisartuk,
Aubaine Notting Hill,aubaineuk,
Aures London,aureslondon,
Avenue,aveplus,
Avobar,avobarlondon,
Away Spa London,awayspalondon,
Ayllu,ayllulondon,
"Aztec Hotel & Spa, Bristol",aztechoteluk,
Backyard Cinema,backyardcinema,
Backyard Comedy Club,backyardcomedyclub,
Badger Badger/Tanuki Gaming,pubbadgerbadger,
Balady,baladylondon,
Balham Bowls Club,balhambowls,
Ballie Ballerson Shoreditch,ballieballerson,
Balthazar,balthazarldn,
Bamford Haybarn Spa,bamfordhaybarnspa,
Bao Noodle Shop,bao_london,
BAPS Shri Swaminarayan Mandir,neasdentemple,
Bar Elba,bar_elba,
Bar Rumba,bar_rumba,
Barbican Centre,barbicancentre,
Barge East Gardens & Terrace,bargeeast,
Barrio Shoreditch,barriobars,
Bateaux London,bateauxlondon,
Battersea Arts Centre,batterseaartscentre,
Batty Langley’s,battylangleys,
Bbar,bbarlondon,
Be At One Battersea Rise,beatonebar,
"Bedruthan Hotel, Cornwall",bedruthanhotel,
Bell & Crown,bellcrownw4,
Belushi’s And The Dugout London Bridge,belushis,
Benjamin Franklin House,benjaminfranklinhouse,
Benjamin Pollock’s Toyshop,benjamin_pollocks_toyshop,
Benson & Clegg – London,bensonandclegg,
Bentley’s Oyster Bar & Grill,bentleysoysterbar,
Betty,bettychiswick,
Bfi Bar And Kitchen,benugouk,
Bibi,bibi_ldn,
Bibo Dani García,bibo_shoreditch,
Big Chill Brick Lane,bigchillbar,
Big Shots Golf,bigshotsgolfuk,
Billesley Manor,billesleymanor,
Bishopstrow Hotel & Spa,bishopstrowhotel,
Bistro Restaurant,hotelduvin,
Blackhorse Workshop,blackhorsews,
Blakes Hotel,blakeshotel,
Blame Gloria Covent Garden,blamegloria,
Bletchley Park,bletchleyparkuk,
Blingo – Hip Hop Bingo,hip_hop_bingo,
BLUE TIT Hair Salons,bluetitlondon,
Blues Kitchen Shoreditch,theblueskitchen,
Bma House,bmahousevenue,
Bob Bob Ricard,bobbobricard,
Boisdale Of Canary Wharf,boisdale_restaurants,
Bombetta,bombettalondon,
Bond Street,bondstreet,
Borough Market,boroughmarket,
Botanique London,botaniquelondon,
"Bounce, Old Street",bouncepingpong,
Bourne & Hollingsworth,bourneandhollingsworth,
Boxpark Shoreditch,boxpark,
Bread Street Kitchen,breadstreetkitchen,
Brewhouse & Kitchen Hoxton,brewhouse_and_kitchen,
Bridgerton Ball of the Season,secretbridgertonball,
Brigadiers,brigadiersldn,
Brigit’s Bakery,brigitsbakery,
Brimstone Hotel,brimstone.hotel,
British Pullman,belmondbritishpullman,
Brixton Village,brixton.village,
Broadway Bar And Grill,fulhambroadwaybar,
Broadway Market – A Working Victorian Street Market,broadwaymarket,
Brown’s Hotel,browns_hotel,
BST Hyde Park,Import the author,
Bubba Oasis,bubba.oasis,
BUCKBUCK Games,buckbuckgames,
Buckingham Arms,buckingham_arms,
Buddha Bar,buddha_bar_london,
Bunch Of Grapes,thegrapesboa,
Burger & Beyond Shoreditch,burgerandbeyond,
Burlock,burlocklondon,
Burr & Co,kimptonfitzroy,
Bussey Rooftop Bar,busseyrooftopbar,
Bustronome London,bustronomelondon,
Butchers Salon,butcherssalon,
By Chenai,bychenai,
Cabana Brasil Wembley,cabanabrasil,
Cadogan Hall,cadoganhall,
Cafe 1001,cafe_1001,
Café Cecilia,cafececilialondon,
Café Deco,cafe_deco_bloomsbury,
Café Luca,cafeluca_london,
Café Rouge St. Pauls,cafe_rouge,
Cafe Route,caferoute,
Callooh Callay,calloohcallaybar,
Callooh Callay Chelsea,calloohcallaychelsea,
Camden Market – Est. 1974,camdenmarketldn,
Caramelo Latin Dance Academy,caramelolatindance,
Carousel,carousel_ldn,
Carpenters Arms,the.carpenters.arms,
Charles Dickens Museum,dickensmuseum,
Charlotte Mensah,charlottemensah,
Chatham Snowsports Centre,chatham_snowsports_centre,
Cheval Collection,chevalcollection,
Cheval The Edinburgh Grand,chevaltheedinburghgrand,
Chez Melissa,chicken_ish,
Chiswick Auctions,chiswick_auctions,
Chocolate Factory Experience,chocolatefactoryexperience,
Choosing Keeping Stationery,choosingkeeping,
Chotto Matte,chottomatteldn,
Chris Dalton,chrisjdalton,
Christopher Hotel Eton,christopherhoteleton-gb,
Church House Westminster,churchhouseconf,
Cin Cin,cincinuk,
Circa Embankment,circa_embankment,
Circus,circuslondon,
Cissy Wears,cissywears,
CITY ACADEMY Performing Arts,cityacademyuk,
City Comedy Club,citycomedyclub,
City of London Distillery,cityoflondondistillery,
Claridge’s,claridgeshotel,
Clays,clays_bar,
Cley Windmill,cleywindmill,
Clip ‘N Climb Chelsea,clipnclimb_sw6,
Clissold Park Tavern,clissoldparktavern,
Cliveden House,clivedenhouse,
Clos Maggiore,clos_maggiore,
Cloud Twelve,cloudtwelveclub,
Coach & Horses Isleworth,coachandhorses_syon,
Coach and Horses,thecoachse10,
Cock Tavern,cocktavern,
Coco de Mer London,cocodemeruk,
Cocotte Shoreditch,cocotte_rotisserie,
Coin Laundry,coinlaundryem,
COLAB Theatre Productions,colabtheatre,
Colonel Saab,colonelsaab,
Colours Hoxton,colourshoxton,
Columbia Road Flower Market,columbia_road_flower_market,
Colwall Park,colwallpark,
Community Festival,communityLDN,
Comptoir Libanais Poland Street,comptoirlibanais,
Connaught Village,connaughtvillage,
Cookery School Little Portland,cookeryschoollondon,
Cool Places UK,coolplacesuk,
Coopers Arms,coopersarmssw3,
Coqbull Soho,coqbull,
Côte Barbican,coteuk,
Counting House,countinghouse,
County Arms,thecountyarms,
Coupette,coupettelondon,
Couverture & The Garbstore,couverture,
Crate Bar & Pizzeria,cratebrewery,
Crispin,crispin_e1,
Crofton Park Tavern,croftonparktav,
CROME,crome.london,
Crossness Engines,crossnesset,
Crown & Anchor NW1,crownandanchorham,
Crown & Sceptre,crownsceptrew1,
Crown Hotel Harrogate,crownhotelhgt,
Crystal Palace Park Trust,crystalpalaceparktrust,
Cube,cubemayfairuk,
Cue Point,cuepointldn,
Culloden Estate and Spa,cullodenestate,
Cutter & Squidge,cutterandsquidge,
Cyberdog,cyberdog,
DABBERS BINGO,dabbersbingo,
Daddy Bao,daddybao,
Dalloway Terrace,dallowayterrace,
Dancebuzz,dancebuzzuk,
Daniel Galvin,danielgalvinjr,
Dans Le Noir,danslenoirgroup,
Darcie & May Green,daisygreencollection,
Darkfield,darkfield_org,
Dartmouth Arms,disappearingdiningclub,
Darts Club Clapham,thealexclapham,
Daunt Books,dauntbooks,
Davy’S At Canary Wharf,davysoflondon,
De Vere Tortworth Court,tortworth_court_weddings,
Dennis Severs’ House,dennissevershouse,
Detroit Pizza London,detroitpizzalondon,
Devonshire Arms Hotel & Spa,devarmsboltonabbey,
DF Tacos Brixton,dftacosuk,
Dial Arch,dialarchpub,
Dirty Bones Carnaby,dirtyboneslondon,
Dirty Dicks,dirtydickspub,
Dirty Martini Bishopsgate,dirty_martiniuk,
Discover Northern Ireland,discoverni,
Discover Story Centre,discover_story,
Disrepute,disreputebar,
Distortion Brewery And Tank Bar,distortionbrewing,
Doctor Who Time Fracture,dwtimefracture,
Donnington Valley Hotel,donningtonvalley,
Dorsett City,dorsettcity,
Dove,the_dove_hammersmith,
Drapers Arms,thedrapersarms,
Draughts Hackney,draughtslondon,
Drayton Arms,draytonarmssw5,
Drayton Court Hotel,draytoncourt,
DRYBY,drybylondon,
Duck & Waffle London,duckandwaffle,
Duke Of Cambridge Battersea,dukeofcambridgesw11,
Duke Of Kent,dukeofkentw13,
Duke On The Green,dukeonthegreen,
Dulwich Picture Gallery,dulwichgallery,
Dumpling Shack Group,dumplingshack,
Duo,duolondon,
EartH,earthackney,
Eastcheap Records,eastcheaprecords,
Eastern Electrics,easternelectrics,
"Editor’S Tap, Fetter Lane London",editorstap,
Effra Social,effra.social,
Egg London,egglondonofficial,
Eight Bank,eightclublondon,
El Pirata,elpiratamayfair,
Electric Brixton Official,electricbrixtonofficial,
Electric Cinema,electriccinemas,
Electric Shuffle London Bridge,electricgamebox,
Embargo Republica,embargorepublica,
Emma Bevan,littlelondonwhispers,
Empire Casino,empire_casino,
"ESHK Hair, Records and Healing",eshkhair,
ESPA Life at Corinthia,espalifeatcorinthia,
Evans & Peel Detective Agency,evansandpeel,
Eve,evebarldn,
Eventim Apollo,eventimapollo,
Exale Brewing and Taproom,exaletap_e17,
Experience Oxfordshire,experienceoxfordshire,
Experimental Perfume Club,experimentalperfumeclub,
Factory London,factory_ldn,
Fam Bar And Kitchen,fam.bar,
Fatt Pundit,fattpundit,
Field Day,fielddayfestivals,
Finch’s,finchspub,
Finsbury Beauty and Nails,finsburybeautyandnails,
Fish Cafe,fishcafehampstead,
Fistral Beach Hotel and Spa,fistralbeachhotel,
Fitz’s,fitzsbar,
Flare,flarecarnaby,
Flight Club Shoreditch,flightclubdarts,
Float-In Cinema by Häagen-Dazs,openairecinema,
Floral By Lima,lima_london,
Flower Burger UK,flowerburger_uk,
Fortnum & Mason,fortnums,
Founders Arms,foundersarms,
Four Quarters Peckham,fourquartersbar,
Four Seasons at Park Lane,fslondon,
Four Seasons London TenTrinity,fstentrinity,
Fourpure Taproom,fourpuretaproom,
Fox & Anchor,foxandanchorec1,
Foxhill Manor,foxhillmanor,
Franklin’s Wine,franklinsnottinghill,
Fugitive Motel,fugitive.motel,
Funhouse,funhousecroydon,
Funicular Productions,funicularproductions,
Funky Moves,funkymovesdance,
Gabriel’s Wharf,gabriels_wharf,
Gagosian,gagosian,
Galvin At Windows,galvinatwindows,
Galvin Bistrot & Bar,galvinrestaurants,
Garden Rooftop,assemblyhotels,
Gaucho Charlotte Street,gauchogroup,
General Eyewear,generaleyewear,
George Iv,georgeivw4,
George Northwood,georgenorthwood,
Gibney’s London & Daffodil Mulligan,daffodilmulligan,
Gielly Green,giellygreen,
Gigis Hoxton,gigis_hoxton,
Gill Wing Jewellery,gillwingjewellery,
Gin House Burlesque Revue,ginhouseburlesque,
Ginza St James’s,ginzastjames,
Glencoe House Hotel,glencoehouse,
God’s Own Junkyard,godsownjunkyard,
Goodlife Centre,goodlifecentre,
Goose Island Brewpub,gooseshoreditch,
Gordon’s Wine Bar,gordonswinebar,
Grace & Thorn,graceandthorn,
Grand Junction Arms,grandjunctionarmsnw10,
Grant Museum of Zoology,grantmuseumucl,
Grantley Hall,grantleyhall_,
Great Exhibition Road Festival,exrdfestival,
Green Mosaic,greenmosaicpizzacafe,
Greenwich Dance,greenwichdance,
Greenwich Docklands International Festival,gdifestival,
Greenwich Market,greenwichmarket,
Greyhound Cafe,greyhoundcafeuk,
Grove House Tavern,grovehousetavern_,
Gun,thegundocklands,
Haché Balham,hacheburgers,
Hagen & Hyde,hagenandhyde,
Hair Bar london,hairbarlondon,
Half Moon,thehalfmoonpub,
Hamleys Toy Shop,hamleysofficial,
Hampshire Penthouse,radissonhotels,
Hampstead Heath,colhampsteadheath,
Hampton Court Palace,Hampton Court Palace,
Hampton Court Palace Festival,hcpfestival,
Hand In Hand,handinhandwimbledon,
Hannah,hannah_battersea,
Hans & Gretel,hansandgretel.uk,
HARE & BONE,hareandbone,
Hare & Hounds E10,hareandhoundse10,
Hari’s Hair,harishair,
Harrods Beauty,harrodsbeauty,
Harry Potter on Stage London,cursedchildldn,
Harry Potter Photo Exhibition,hpphotoexhibit,
Harvey Nichols,harveynichols,
Hawkes,wearehawkes,
Hawksmoor Spitalfields Bar,hawksmoorrestaurants,
Heads + Tails,headsandtailsnw,
Heal’s,heals_furniture,
Heather Sham,byheathersham,
Heddon Street Kitchen,heddonstkitchen,
Hedonism Wines,hedonism_wines,
Heidi,heidibalham,
HERSHESONS,hershesons,
Hijingo,hijingouk,
Holistic Health Hackney,holistichealthhackney,
Honest Burgers King’S Cross,honestburgers,
Hop Kingdom,hop_kingdom,
Hope & Anchor,hopeandanchorsw,
Horniman Museum and Gardens,hornimanmuseumgardens,
Hospitality In The Woods,hospitalityinthewoods_,
Hotel Café Royal,hotelcaferoyal,
Hotel Threadneedles,hotelthreadneedles,
Hotel Tresanton,hoteltresanton,
Howl At The Moon,hoxtonhowl,
Hula Beauty Hackney,hulabeautyhackney,
Humble Crumble,humblecrumblelondon,
Hurtigruten Expeditions,hurtigrutenexpeditions,
Hush Mayfair,hushmayfair,
Hyde Park Stables,hydeparkstableslondon,
Hydrant,thehydrantlondon,
Hyper Japan Festival,hyperjapanofficial,
Hyper Reality,hyper_reality,
Iberica Canary Wharf,ibericarestaurants,
Icon Outlet at The O2,iconoutletattheo2,
IE Wedding & Events,illyelizabethweddings,
Il Pampero,ilpampero,
Imad’s Syrian Kitchen,imadssyriankitchen,
Imperial War Museum,imperialwarmuseums,
Indian Alley,indianalleyuk,
Infatuation,infatuation_london,
Interactive Theatre,inttheatreint,
InterContinental Edinburgh,intercontinentaledinburgh,
Iron Duke,theirondukew1,
Ironmongers’ Hall,ironmongershallevents,
Ivy,ivyinspires,
J.Sheekey,jsheekeyldn,
Jack And Beyond,jackandbeyond,
Japan Centre,japancentre,
Japan House London,japanhouseldn,
Jerusalem Bar And Kitchen,jerusalemsoho,
jiveswing.com,jiveswing,
John Lobb,johnlobb,
Jones & Sons,jones.and.sons,
Josh Wood,joshwood,
Juju’S Bar & Stage,jujusbar,
Junkyard Golf Club,junkyardgolfclub,
Just Dance UK,justdancefitness,
JW’s TWOTW Immersive,thewaroftheworldsimmersive,
Kaleidoscope Festival,kaleidoscope_festival,
Kalon Parlour,kalonparlour,
Kanishka,kanishkamayfair,
Karma Sanctum Soho Hotel,karmasanctumldn,
KATSUTE100,katsute100,
Katya Katkova London,eastlondonmornings,
Kensington Flowers,kensingtonflowerslondon,
Kettering Park Hotel & Spa,ketteringparkhotel,
Kew Gardens,kewgardens,
Kew The Music,kewthemusic,
Kibou London,kiboulondon,
KidZania London,kidzanialondon,
Kill The Cat,killthecatbeer,
Kimpton Blythswood Square,kimptonblythswoodsquare,
Kindred,londonkindred,
Kiss The Sky,kisstheskybar,
Kitchen Theory,jozef_youssef,
KOKO,kokocamden,
KOL,kol.restaurant,
Kona Kai,konakai_london,
Korean Dinner Party (Kdp),koreandinnerparty,
Kraft Dalston,germankraftbeer,
Kristian Leven,kristianlevenphoto,
Kristina Gasperas Academy,kristinagasperasacademy,
Kudu Grill,kudugrill,
KXU,kxulondon,
L’oscar London,loscarlondon,
Labour and Wait,labourandwait,
Lahpet West End,lahpet,
"Lake District, Cumbria",lakedistrictcumbria,
Laki Kane,lakikane,
Lamb And Flag,the_lamb_and_flag,
Lamb And Trotter,lambandtrotter,
Lamb Tavern,lambtavern,
Langdale Chase Hotel,langdalechase,
Lanserhof at The Arts Club,lanserhof_arts_club,
Lantana Cafe London Bridge,lantanacafe,
Lardo,lardolondon,
Larry King Haircare,larrykinghaircare,
Layalina & Privée,layalinauk,
LDN Bubble Waffle & Bubble Tea,nosteagia,
ldn.livin,ldn.livin,
Le Fez,lefezputney,
Le Manoir aux Quat’Saisons,belmondlemanoir,
Leadenhall Market,leadenhallmarket,
Leake Street Arches,leakestreetarches,
Lee Valley Regional Park,leevalleypark,
LEGOLAND Windsor Resort,legolandwindsor,
LELE’S Vegan Cake Mixes,leles_london,
Lewis Leathers,lewisleathers,
LIAM + BEE,liamandbee,
Liban Tapas,libantapas,
Liberty London,libertylondon,
Limin’ Beach Club,liminbeachclub,
Little Angel Theatre,littleangeltheatre,
Little Bat,littlebatbar,
Little Nan’s Bar,littlenansbar,
Live Band Karaoke,lbkpeckham,
Live True London Salons,livetruelondon,
Lizard Lounge Cocktails & Kitchen,lizardloungee18,
Lock & Co. Hatters,lockhatters,
Lock Tavern,locktavern,
Lockside Camden,lockside_camden,
London Coliseum,londoncoliseum,
London Designer Outlet,londondesigneroutlet,
London Eye,londoneye,
London Foodguide,london.foodguide,
London Glassblowing,londonglassblowing,
London Grace,ldn_grace,
London Graphic Centre,londongraphiccentre,
London House,londonhousegordonramsay,
London in the Sky,ldninthesky,
London Jewellery School,londonjewelleryschool,
London Mode Beauty,londonmodebeauty,
London Perfect,londonperfectrentals,
London Planner,londonplanner,
London Popups,londonpopups,
London Ricebox & Riceroll,ricebrotherlondon,
London Shuffle,ldnshuffle,
London Steakhouse Co. City,londonsteakhouseco,
London Terrariums,londonterrariums,
London Theatre Direct,londontheatredirect,
London Transport Museum,ltmuseum,
Look Up London Walks,look_uplondon,
"Loop Bar, London",loopbarlondon,
Loop London,looplondonloves,
Lord Morpeth,lord_morpeth,
Lost Boys Pizza,lostboyspizza,
Lost Society Battersea,lostsocietybattersea,
Lots Road,lotsroadauctions,
Louche,louchesoho,
Lower Marsh Market,lowermarshmarket,
Lowlander Grand Cafe,lowlander_grand_cafe,
Luca Silvestrini’s Protein,proteindance,
Lucknam Park Hotel & Spa,lucknam_park,
Lucky Cat,luckycatbygordonramsay,
Lucky Voice Holborn,luckyvoicekaraoke,
LW Theatres,lwtheatres,
LY Beauty Salon,lybeauty_london,
M Restaurant Threadneedle Street,mrestaurants,
Mad Bishop & Bear,madbishopbearw2,
Mad Hatter Hotel,madhatter.hotel,
Madame Tussauds London,madametussauds,
Madison,madisonlondon1,
Makeup by Jodie,by_jodie,
Maltby Street Market,maltbystmarket,
Mama Shelter London,mamashelterlondon,
Mamasons Dirty Ice Cream,mamasonsdirtyicecream,
Mamma Mia! The Party (London),mammamiapartyuk,
Mandarin Oriental Hyde Park,mo_hydepark,
Map Maison,mapmaison,
Marcus,marcusbelgravia,
Mare Street Market,marestreetmarket,
Maremma,maremma_restaurant,
Marquess Of Anglesey,marquessofanglesey,
Marquis Of Granby,themarquisofgranby,
Marsha,wearemarsha,
Mary Poppins Musical,marypoppinsmusical,
MASAJ,masajme_,
Matilda The Musical,matildathemusical,
Matthew Oliver,matthew_oliver_weddings,
Maxwell’S Bar & Grill,maxwellscoventgarden,
Mayfair London,mayfair_ldn,
Mayfield Lavender,mayfieldlavender,
Meat & Shake Tooting,meatandshake,
Meathouse London,meathouselondon,
Meatliquor East Dulwich,meatgram,
Megan’s At The Flower Market (Chiswick),megansrestaurants,
Memory Box,memoryboxcroy,
Mercato Metropolitano,mercatometropolitano,
Merchants Manor,merchantsoffalmouth,
Middleton Lodge Estate,middletonlodge,
MILK TRAIN,milktraincafe,
Milroys of Spitalfields,milroysofspitalfields,
Mint Leaf Lounge,mintleaflondon,
Miscusi,miscusi.uk,
Mommi,wearemommi,
Monopoly Lifesized,monopolylifesized,
Montcalm London Marble Arch,montcalm_marble_arch,
Moonshine Saloon,moonshinesaloon,
Mrs Foggs Maritime Club And Distillerys,mrfoggsgb,
Mulberry Bush,the_mulberry_bush_pub,
Munich Cricket Club Canary Wharf,munichcricketclub,
Museum Of London,museumoflondon,
Museum of the Home,museumofthehome,
My Darling London,mydarlinglondon,
Myla and Davis,mylaanddavis,
Nails & Brows Mayfair,nailsandbrowsmayfair,
Natalie J Weddings,nataliejweddings,
National Army Museum,nam_london,
National Gallery,nationalgallery,
National Theatre,nationaltheatre,
Natural History Museum,natural_history_museum,
Natural Nails,naturalnails.spitalfields,
Navrtar,navrtar,
Near & Far Camden,nearandfarcamden,
Netil Market by Eat Work Art,netilmarket,
Never For Ever,neverforeverkt,
Neville Hair and Beauty,nevillehairandbeautyofficial,
New Bloomsbury Set,newbloomsburyset,
New Cross Hair & Beauty Salon,newcrosshair,
New Road Hotel,newroadhote1,
Nick Ray,nickrayphoto,
Night Tales,nighttalesldn,
Nightjar,nightjar,
Nimax Theatres,nimaxtheatres,
Ninety One Living Room,91livingroom,
Ninth Life,ninthlifepub,
Nira Caledonia,niracaledonia,
No Escape Brixton,noescapelondon,
No1 Yorkshire,no1yorkshire,
Nordic Bar,nordicbar_,
Northcote Records,northcotercrds,
Not Another Salon,notanothersalon,
Notes Coffee Roasters & Bar,notescoffee,
Notting Hill Carnival,Import the author,
Nt Loft,ntloft,
Number 1 London,n1_london,
O2 Academy Brixton,o2academybrix,
O2 Academy Islington,o2acadislington,
O2 Forum Kentish Town,o2Forumktown,
O2 Shepherd’s Bush Empire,o2sbe,
Oblix At The Shard,oblixrestaurant,
Old Bank,oldbanksw11,
Old Compton Brasserie,oldcomptonbrasserie,
Old Operating Theatre Museum,oldoperatingtheatre,
Old Pack Horse,ophw4,
Old Royal Naval College,oldroyalnavalcollege,
Old Ship Richmond,oldshiprichmond,
Old Spitalfields Market,oldspitalfieldsmarket,
Old Street Records,oldstrecords,
One Tower Bridge,onetowerbridge,
Oriole,theoriolebar,
Otherworld,otherworld,
Otto Berkeley,ottoberkeley,
Owl Bookshop,owl.bookshop,
Oxo2,southbank.london,
P&O Cruises,pandocruises,
Pantechnicon,_pantechnicon,
Paper Dress Vintage,paperdressvintage,
Paper Mache Tiger,papermachetiger,
Paradise By Way Of Kensal Green,paradisekensal,
Parcel Yard,theparcelyardpub,
Park Tavern,parktavernsw18,
Park Theatre,parktheatrelondon,
Paschoe House,Import the author,
Pasta Remoli Finsbury Park,pastaremoli,
Patch St. Paul’S,patch_bar,
Paternoster,thepaternosterpub,
Paul Edmonds London,pauledmonds217,
Percy’S,percyslondon,
Pétrus By Gordon Ramsay,petrusbygordonramsay,
Phase Eight,phaseeight,
Pho Balham,phorestaurant,
Phoenix Arts Club,phoenixartsclub,
Phoenix Windsor Walk,thephoenixdenmarkhill,
Piano Smithfield,pianokensington,
Pilot Chiswick,thepilotw4,
Pineapple Dance Studios,pineappledancestudios,
Ping Pong Covent Garden,pingpongdimsumuk,
Pizza Pilgrims Shoreditch,pizzapilgrims,
Planned for Perfection,plannedforperfection,
Planque,_planque_,
Platform London,platform_exp,
Platinum Jubilee Pageant,platinumjubileepageant,
Plonk Crazy Golf,plonkgolf,
Plough Inn,ploughinnealing,
Pollock’s Toy Museum,pollockstoymuseum,
Pop Brixton,popbrixton,
Popworld Watling Street,popworldlondonwatlingst,
Port Lympne Hotel & Reserve,portlympnepark,
Portobello & Golborne Market,visitportobello,
Potus,potuslondon,
Prettycitylondon,prettycitylondon,
Primos Mexican Cantina,primos.mexican,
Prince Of Peckham,princepeckham,
Princess Victoria,threecheerspubs,
Printworks London,printworkslondon,
Prosecco House,proseccohouse,
Proud Cabaret City,proudcabaret,
Pub in the Park,pubinthepark,
Punch Room At The London Edition,londonedition,
Punchbowl,punchbowl,
Punchdrunk,punchdrunkint,
Puppet Theatre Barge,puppetbarge,
Purl,purllondon,
Putt In The Park: Battersea Park,puttinthepark,
Puttshack Bank,puttshackuk,
Q Bar At Quilon,thequilon,
Q Shoreditch,q_shoreditch,
Quaglino’S,quaglinos,
Queen Elizabeth Olympic Park,queenelizabetholympicpark,
Queen Of Hoxton,queenofhoxtonldn,
Queens Skate Dine Bowl,queens_skate_dine_bowl,
Quirky Campers UK,quirkycampers,
Radicals & Victuallers,radicalsislington,
Radio Delicious,delicioustransmission,
Rainforest Cafe,rainforest_cafe,
Ram Jam Records,ram_jam_records,
Ramada Belfast,ramadabelfastcitycentre-gb,
Rapsa @ 100 Hoxton,rapsalondon,
Ray Stitch,raystitch,
Red Lion E6,redlione6,
Resident Advisor,resident_advisor,
Reunion Bar,theclermontlondon,
Ricco Lounge,ricco.lounge,
Richard The First,richardfirstpub,
Richy Hair UK,richyhairuk,
Rigby & Peller,rigbyandpeller,
Rita’s,ritasdining,
Rivoli Ballroom,rivoliballroom,
Roadtrip & The Workshop,roadtripbar,
Rogue Productions,rogue.immersive,
Ronnie Scott’s Jazz Club,officialronnies,
Room2 Hometels,room2hometels,
Rose & Crown,roseandcrownealing,
Rose Lounge,roseloungesofitellondon,
Roseate House London,roseatehouselondon,
Roseberys London Auctioneers,roseberysauctioneers@heartedlondon.co.uk,
Rosewood Hotels Art Afternoon Tea,chefmarkperkins,
Rosewood London,rosewoodlondon,
Rotunda,rotundalondon,
Roundhouse,roundhouseldn,
Roundhouse Wandsworth,roundhousesw18,
Royal Albert Hall,royalalberthall,
Royal Caribbean UK,royalcaribbeanuk,
Royal George,trg_appledore,
Royal Horticultural Society,the_rhs,
Royal Museums Greenwich,royalmuseumsgreenwich,
Royal Oak,royaloaknw10,
Royal Opera House,royaloperahouse,
Royal Standard Blackheath,royalstandardblackheath,
Rules Restaurant,rules_restaurant,
Ruthin Castle Hotel & Spa,castellrhuthunhotel,
Sagardi,sagardiuk,
Salisbury Arms,salisburyarms,
Salon Sloane,salonsloane,
SALON64,salon64london,
Salsa! Temple,barsalsatemple,
Salvador And Amanda Covent Garden,salvadorandamandacg,
Sama Bankside,samabankside,
San Domenico House,sandomenicohouse,
Santi London,santi_spa,
Santo Remedio,santoremedio_uk,
Savoy Grill Gordon Ramsay,savoygrillgordonramsay,
Scarpetta Restaurant Canary Wharf,scarpetta.pasta,
Schematic Theatre,schematictheatre,
SCHLOSS Roxburghe Hotel & Golf,schloss_roxburghe,
Science Museum,sciencemuseum,
Sea Containers,seacontainersldn,
Seabird,seabirdlondon,
Secret London,secretlondon,
See Tickets,seetickets,
Senor Ceviche Carnaby,senorceviche,
SENSAS United Kingdom,sensas_uk,
"Sense, A Rosewood Spa",sensearosewoodspa,
Sessions Arts Club,sessionsartsclub,
Seven Dials,7dialslondon,
Shakespeare’s Globe,the_globe,
"Shangri-La The Shard, London",shangrilalondon,
Sheraton Grand London,sheratongrandlondon,
Sherlock Official Live Game,221b,
Shian Nails- London Nail Salon,shiannails,
Ship Borough,theshipse1,
Shoreditch Balls,shoreditchballs,
Shoreditch Funhouse,shoreditchfunhouse,
Shoreditch Nails,shoreditchnails,
Shrek’s Adventure! London,shreksadventure,
Shrub And Shutter,theshrubandshutter,
Signature Brew Haggerston,signaturebrew,
Siobhan Ferguson,siobhaise,
Sir John Soane’s Museum,soanemuseum,
Sixes Social Cricket & Burgers,sixessocialcricket,
SkandiHus,skandihus_london,
Sketch,sketchlondon,
Skuna Boats,skunaboats,
Sky Garden,sg_skygarden,
Skylight Canalside Igloos,skylight_london,
Skylon Bar And Restaurant,skylonrestaurant,
Sloane Place,sloane.place,
"Sloane Street, London",sloanestreetsw1,
Slug And Lettuce Hanover Street,slughanoverstreet,
"Slug And Lettuce Sutton, London",slugsutton,
Smith’S Bar & Grill,smithsbarandgrill,
Smith’S Cocktail Bar,brookgreenhotel,
Smiths Of Smithfield,thisissmiths,
Smoky Boys West Drayton,smokyboys,
Smooth!,smoothcroydon,
Snowflake Luxury Gelato,snowflakegelato,
Sohaila,sohaila_london,
Soho Residence,sohoresidenceuk,
Sole Beauty Salons,solebeautysalons,
Somerset House Studios,somersethousestudios,
Sophie’s Soho,sophiessoho,
Souk,souk_restaurant_london,
Sounds Familiar Music Quiz,soundsfamiliarmusicquiz,
South Kensington Club,skc_london,
Southampton Harbour Hotel,southamptonharbourhotel,
Southbank Centre,southbankcentre,
Spa Illuminata Mayfair,spailluminatamayfair,
Sparks Film & Media Arts,sparks_filmarts,
SpiceBox,eatspicebox,
Spiritland Festival Hall,spiritland,
Spit & Sawdust,spit_n_sawdust,
Sports Bar & Grill Clapham,sportsbarandgrillclapham,
"Sports Bar & Grill, Old Street",sportsbarandgrillbars,
Spread Eagle,thespreadeaglelondon,
Spring Restaurant,spring_ldn,
St Bartholomew The Great,greatstbarts,
"St Christopher’s Place, London",stchristophersplace,
St Martin-in-the-Fields,stmartininthefields,
St Pancras By Searcys Brasserie And Champagne Bar,searcystpancras,
St. Pancras Renaissance Hotel,stpancrasren,
Stafford London,thestaffordlondon,
Stationers’ Hall,stationershall,
Steam Bar & Restaurant,steambarandrestuarant,
STILL London,still___london,
Stk Steakhouse London – Westminster,eatstk,
Strawberry Hill House & Garden,strawbhillhouse,
Street Pizza At York & Albany,gordonramsaystreetpizza,
Stretching,stretchinc_uk,
Strongroom Bar And Kitchen,strongroombarshoreditch,
Sugar Cane Bar,sugarcane_london,
Sumi,sumilondon,
Sun & Thirteen Cantons,sunand13cantons,
Supperclub.Tube,supperclub.tube,
Sushisamba,sushisamba,
Sutton Arms,the_sutton_arms,
Sw16 Bar & Kitchen,sw16barandkitchen,
Swan London,swanglobe,
"Sway, Holborn",swaybarlondon,
Swift Shoreditch,swiftbars,
Swing Patrol London,swingpatrol,
Swingers West End,swingersldn,
Taj 51 Buckingham Gate,taj51bg,
"Tank & Paddle Bishopsgate, London",tankandpaddle,
Tapas Revolution Stratford,tapasrevolution,
Tate,tate,
Taylor Taylor London,taylor_taylor_london,
TCS London Marathon,londonmarathon,
Teamsport Go Karting London Docklands,teamsportkarting,
Temaki,temakihandrollbar,
Temper City,temperlondon,
Temple church,templechurchldn,
TEN HEALTH & FITNESS,tenhealthfitness,
Tequila Mockingbird Brixton,tequilamock,
Thai Square Spa,thaisquarespa,
The Abbey Tavern,abbeytavern,
The Adam & Eve,theadamandevee9,
The Adam And Eve,the_adamandeve,
The Admiralty,admiraltylondon,
The Albany,thealbanyw1w,
The Albion,the.albion,
The Alexandra,thealexsw19,
The Alfred Tennyson,thealfredtennyson,
The Alma Wandsworth,thealmawandsworth,
The Alpaca,thealpacaislington,
The Anthologist,theanthologistbar,
The Apple Tree,theappletreelondon,
The Arnos Arms,arnosarms,
The Artful Duke,theartfulduke,
The Bailey’s Hotel London,thebaileyshotel,
The Balmoral,thebalmoral,
The Barracuda,gc_londoncollection,
The Bat And Ball,batandballldn,
The Bath House – Russian Banya,banya.in.belgravia,
The Bedford,thebedfordpub,
The Berkeley,the_berkeley,
The Bermondsey Bierkeller,thebermondseybierkeller,
The Betjeman Arms,thebetjemanarms,
The Big Bakes,thebig_bakes,
The Bill Murray,angelcomedy,
The Bird In Hand,theoaklondon,
"The Bird, Bath",Import the author,
The Birds,thebirdsleytonstone,
The Black Cab Coffee Co,blackcabcoffee,
The Black Dog,theblackdogvauxhall,
The Black Horse – Hippo Inns,blackhorsekingston,
The Bletchley,thebletchley,
The Bloomsbury Club Bar,thebloomsburyclub,
The Blue Anchor – Hippo Inns,blueanchorw6,
The Boathouse,the_boathousesw15,
The Bodmin Jail Hotel,thebodminjailhotel,
The Book Club,thebookclubec2,
The Bountiful Cow,thebountifulcow,
The Breakfast Club Canary Wharf,thebrekkyclub,
The Britannia,britanniaken,
The Broadway Theatre,the.broadwaytheatre,
The Builders Arms,builders_arms,
The Bull,thebullstreatham,
The Bull Westfield,bullwestfield,
The Bulls Head,bullsheadsw13,
The Cadogan Arms,cadoganarmspublichouse,
The Camden Eye,thecamdeneye,
The Camden Head,camdenheadnw1,
The Candlelight Club,candlelightclub,
The Candlemaker,thecandlemakerpub,
The Cartoon Museum,thecartoonmuseum,
The Castle,thecastlen1,
The Castle Tooting,castletooting,
The Charlotte,thecharlottese1,
The Cheese Bar,thecheesebarldn,
The Chelsea Harbour Hotel,chelseaharbourhotel,
The Chelsea Ram,chelsea.ram,
The Chequers,thechequerschurchill,
The Chesterfield Mayfair Hotel,chesterfieldmayfair,
The Chocolate Cocktail Club,thechocolatecocktailclub,
The Cinema in the Arches,cinemainthearches,
The Clapham North,theclaphamnorth,
The Clock House,the_clockhouse,
The Coach & Horses Kew,coachhorseskew,
The Coach And Horses Barnes,coachhorsesbarnes,
The Coach Makers Arms,the_coachmakers,
The Coal Shed Tower Bridge,thecoalshed,
The Coat And Badge,coatandbadgesw,
The Coborn,coborn_e3,
The Cocktail Club Goodge Street,londoncocktailclub,
The Cocktail Trading Co Smithfield,thecocktailtradingco,
The Collab,thecollablondon,
"The Comedy, Piccadilly",grooviecomedy,
The Conductor,theconductor.bar,
The Connaught,theconnaught,
The Conran Shop,theconranshopofficial,
The Coral Room,thecoralroom,
The Cornwall Hotel & Spa,the_cornwall,
The Covent Garden Comedy Club,thecoventgardencomedyclub,
The Cow,cow_westfield,
The Crooked Billet,crookedbillet,
The Crown Tavern Clerkenwell,thecrowntavernec1,
The Crystal Maze,thecrystalmaze,
The Culpeper,theculpeper,
The Curry Room At The Rubens At The Palace Hotel,rubenshotel,
The Curtains Up,thecurtainsupw14,
The Cutty Sark,cuttysarkpub,
The Defector’S Weld,defectorsweld,
The Den At St Martins Lane,stmartinslanesocial,
The Design Museum,designmuseum,
The Devonshire,thedevbalham,
The Diamond Jubilee Tea Salon,diamondjubileeteasalon,
The Dickens Inn,thedickensinn,
The Dilly London,thedillylondon,
The Dixon Hotel,thedixonlondon,
The Dog And Fox,thedogandfox,
The Dorchester,thedorchester,
The Drift,thedriftbarlondon,
The Duchess Of Kent,theduchessn7,
The Duke Of Clarence,thedukeofclarence,
The Duke Of Edinburgh,dukebrixton,
The Duke Of Sussex – Hippo Inns,dukeofsussex,
The Duke’S Head Putney,dukesheadputney,
The Eagle,theeaglew12,
The Eagle Hoxton,eagle_n1,
The Earlsfield,theearlsfield,
The East Hill,youngspubs,
The Egerton House Hotel,egerton_house,
The Elgin – Maida Vale,the_elgin_maidavale,
The Elvetham,theelvetham,
The Escapologist,escapologistbar,
The Exhibit,theexhibitbar,
The Exhibitionist Hotel,the_exhibitionist_hotel,
The Faber Fox,thefaberfox,
The Falcon,falconclapham,
The Fashion School,thefashionschooluk,
The Fellow,thefellowpub,
The Fife Arms,thefifearms,
The Fire Stables,firestables,
The Fish Hotel,thefishhotel,
The Flask,flaskhampstead,
The Florence,theflorencepub,
The Flower Appreciation Society,flowersociety,
The Flying Horse,flyinghorse52,
The Folly,drakeandmorgan,
The Franklin London,thefranklinlondon,
"The Gable, Moorgate",thegablelondon,
The Gainsborough Bath Spa,thegainsboroughbathspa,
The Gannet Inn,thegannetinn,
The Garden Gate,thegardengatehampstead,
The Gate,thegate_hotel,
The Gatehouse,thegatehousen6,
The George – Hippo Inns,thegeorgee14,
The Gibson,thegibsonbar,
The Golden Hinde,goldenhinde_,
The Good Mixer,goodmixerpub,
The Goring,thegoring,
The Grafton – Hippo Inns,thegraftonnw5,
The Grand,theclaphamgrand,
The Grange Ealing,thegrangeealing,
The Grazing Goat,thegrazinggoatw1,
The Great Exhibition,greatexhibit,
The Great Gatsby,immersivegatsby,
The Great North Wood,greatnorthwoodse27,
The Green Room,greenroomlondon,
The Greyhound,thegreyhoundsydenham,
The Grove,thegrovehotel,
The Guard House,theguardhouse,
The Guardsman Hotel,theguardsmanhotel,
The Guinea,guineagrill,
The Gunpowder Plot,gunpowderimmersive,
The Half Moon,halfmoonputney,
The Hammersmith Ram,hammersmithram,
The Hare & Hounds,hare_hounds,
The Hari Hotel Bar & Terrace,theharilondon,
The Harold Pinter Theatre,haroldpintertheatre,
The Hawk’S Nest,thehawksnestldn,
The Headland Cornwall,theheadlandcornwall,
The Heathcote And Star,heathcotestar,
The Hen & Chickens Theatre Bar,thehenandchickenstheatre,
The Hero Of Maida,theheroofmaida,
The Hide Bar,hidebarlondon,
The Hollywood Arms,hollywoodarmschelsea,
The Honor Oak,thehonoroakpub,
"The Hoxton, Holborn",thehoxtonhotel,
The Hundred,thehundred,
The Islington Townhouse – Hippo Inns,islingtontownhouse,
The Ivy Cafe,theivystjohnswood,
The Jazz Cafe,thejazzcafe,
The Jolly Gardeners,thejollygardeners,
The Karaoke Hole,thekaraokehole,
"The Kensington, London",hotelkensington,
The Kenton,thekentonpub,
The King Of Prussia,thekingfinchley,
The King’S Arms Wandsworth,kingsarmswandsworth,
The Kings Arms Chelsea,kingsarmssw,
The Lanesborough,the_lanesborough,
The Lanesborough Club & Spa,lanesboroughclubspa,
"The Langham, London",langham_london,
The Lansdowne,thelansdowneclubmayfair,
The Larrik,the_larrik,
The Lass O’ Richmond Hill,lassorichmondhill,
The Last Talisman,thelasttalisman,
The Last Tuesday Society,thelasttuesdaysociety,
The Lauriston,thelauristonpub,
The Leather Bottle,leather_bottle,
The Lecture Room & Library,lrl.sketchlondon,
The Leman Street Tavern,lemanstreettavern,
The Leyton Star,theleytonstar,
The Lighterman,thelightermankx,
The Lighthouse Battersea,lighthousesw11,
The Lillie Langtry – Hippo Inns,thelillielangtry,
The Lion & Unicorn,thelionunicorn,
The Lion King,thelionkinguk,
The Little Blue Door,thelittlebluedoorfulham,
The Little Mermaid Cocktail Experience,littlemermaidexperience,
The Little Orange Door,thelittleorangedoor,
The Little Yellow Door,the_little_yellow_door,
The Loft Spitalfields,theloftspitalfields,
The Lois Edit Blog,the_lois_edit,
The London Bridge Experience,thelondonbridgeexperience,
The London Cabaret Club,thelondoncabaretclub,
The London Dungeon,londondungeon,
The London School of Makeup,londonschoolofmakeup,
The Lord Palmerston,palmerstonpub,
The Lord Wargrave,lordwargrave,
The Lyttelton Arms Camden,lytteltonarms,
The Mac Factory,themacfactorylondon,
The Magic Circle,magiccirclehq,
The Mandrake,themandrakehotel,
The Manor Arms,manorarmssw16,
The Manor House,themanor_house,
The Marlborough,marlboroughrichmond,
The Marquis Cornwallis,themarquiscornwalliswc1,
"The Marylebone, London",hotelmarylebone,
The May Fair London,themayfairhotel,
The Mayflower,mayflowerpub,
The Merchant,themerchantbrentwood,
The Mere Scribbler,merescribblersw,
The Mews Bridal,themewsbridal,
The Midland Hotel,themidlandmanchester,
The Mitre Lancaster Gate,themitrelancastergate,
The Montague On The Gardens Hotel,montague_hotel,
The Montpelier,themontpelier,
The Morpeth Arms,morpetharms,
The Natural Philosopher,naturalphilosopher_e2,
The Ned,thenedlondon,
The Newman Arms,newmanarms,
The Newt in Somerset,thenewtinsomerset,
The O2,theo2london,
The Oak W12,theoakw12,
The Old Brewery,oldbrewerygreenwich,
The Old Frizzle,theoldfrizzle,
The Old Nun’S Head,theoldnunshead,
The Old Quay House,oldquayhouse,
The Old Ship Inn,oldshiphackney,
The Old Tavern,ottclapham,
"The One Tun, Goodge Street",one_tun_goodgest,
The Orange,theorangepublichouse,
The Owl And Pussycat,theowlpubshoreditch,
The Oxford Tavern,oxfordtavernkentishtown,
The Oyster Shed,theoystershed,
The Oystermen,theoystermen,
The Peak Fitness Club & Spa,peakfitnessclubandspa,
"The Pembroke, Primrose Hill",longacrelondon,
The Perky Nel,perkynelclapham,
The Petersham,petershamnurseries,
The Phoenix,thephoenix_w1,
The Phoenix London,thephoenixldn,
The Photographers’ Gallery,thephotographersgallery,
The Piano Works Farringdon,thepianoworks,
The Plimsoll,the.plimsoll,
The Porchester,theporchesterpub,
The Portland Arms,theportlandarms,
"The Portobello Hotel, London",portobelloldn,
The Postal Museum,thepostalmuseum,
The Prince Alfred,theprincealfredpub,
The Prince Of Wales Brixton,powbrixton,
The Prince Of Wales Feathers,powfeathersw1,
The Queen Adelaide,queenadelaidewandsworth,
The Queen’S Primrose Hill,queensprimrose,
The Rabbit Hole Kentish Town,rabbitholebars,
The Railway,therailwaystreatham,
The Railway Blackheath,therailwayblackheath,
The Railway Tavern,railwaysw4,
The Railway Tavern N16,railwaytavernn16,
The Rectory,therectoryb3,
The Refinery,therefinerye9,
The Regent,theregentbalham,
The Ritz London,theritzlondon,
The Riverside,riversidevauxhall,
The Roebuck,theroebuckse1,
The Rookery,therookeryhotel,
The Rose And Crown,roseandcrownwimbledon,
The Rose Fulham,therose_fulham,
The Rosendale,therosendalepub,
The Royal Exchange,theroyalexchange,
The Royal Parks,theroyalparks,
The Rum Kitchen Shoreditch,therumkitchen,
The Savoy Hotel in London,thesavoylondon,
The Saxon,thesaxonclapham,
The Schoolhouse,theschoolhouselondon,
The Secret City,thesecret.city,
The Shacklewell Arms,shacklewellarms,
The Shaftesbury Richmond,shaftesbury.pub,
The Ship,theshipatdunwich,
The Signal – Hippo Inns,signalpub,
The Skinny Kitchen Islington,theskinnykitchen,
The Somers Town Coffee House,somerstowncoffeehouse,
The Spa in Dolphin Square,dsq_thespa,
The Stage,thelondoner,
"The Standard, London",thestandardlondon,
The Star By Hackney Downs,starbyhackneydowns,
The Star Of Bethnal Green,starbethgreen,
The Star Of Kings,starofkings,
The Star Se18,thestarse18,
The Stars Inside,thestarsinside,
The Station Hotel,stationhotelhg,
The Store Croydon,the.store.croydon,
The Sunset Steam Express,thesunsetsteamexpress,
The Theodore Bullfrog,theodorebullfrog,
The Thomas Cubitt,thethomascubitt,
The Three Compasses,3compassese8,
The Three Crowns,threecrownsn16,
The Ticket Hall And Control Room,cahootslondon,
The Torridon,thetorridon,
The Trafalgar Arms,thetrafalgararms,
"The Two Brewers, Clapham",the2brewers,
The Union Bar Paddington,unionpaddington,
The Vaults,thevaultslondon,
The Victoria,thevictoriaw2,
The Victoria Surbiton,thevicsurbiton,
The View from The Shard,shardview,
The Wallace Collection,wallacemuseum,
The Washington,thewashingtonhampstead,
The Wedding Planners,thewedplanners,
The Whippet Inn,whippetinn,
The Whiskey Tumbler,thewhiskeytumbler,
The White Cross,thewhitecrosspub,
The White Hart,thewhitehartse1,
The White Hart Barnes,whitehart_barnes,
The White Horse,thewhitehorseec2,
The White Horse Parsons Green,whitehorsesw6,
"The Whitecross Tap, London",whitecross.tap,
The William Iv London – Kensal Green,wivlondon,
The Windmill Clapham,windmillclapham,
The Windmill Mayfair,windmill_pub,https://www.tripadvisor.co.uk/Search?q=The%20Windmill%20Mayfair&geo=186338
The Windmill Soho,windmillsoho,
The Wood House,thewoodhousepub,
The Wood Norton,thewoodnorton,
The Woolpack,woolpackbermondsey,
The World’S End,worldsendcamden,
The Yan at Broadrayne,yanatbroadrayne,
The Zetter Townhouse,zettertownhouse,
Theo Randall At The Intercontinental,theo.randall,
Thornbury Castle Hotel,thornburycastle,
Thorpe Park Resort,thorpeparkofficial,
Three Cranes,thethreecraneslondon,
Ticketmaster UK,ticketmasteruk,
Tigerbay Hanger Lane,tigerbayshishalounge,
Toca Social Greenwich,tocasocial,
Tonight Josephine Clapham,tonightjosephine,
Top Secret Comedy Club,topsecretcomedy,
Totally Wild UK,totallywilduk,
Tower of London,The Tower of London @TowerOfLondon,
Town Hall Hotel & Apartments,townhallhotel,
Town House,townhousekensington,
Townhouse,mytownhouseuk,
Trader Vic’S,tradervicsldn,
Trafalgar Tavern,trafalgartaverngreenwich,
Trapeze,trapezebar_basement,
Trattoria Brutto,bru.tto,
Trinity Arms,thetrinityarms,
Triyoga,triyogauk,
Tropix,tropix_ldn,
Truman Markets,trumanmarkets,
Truman’S Social Club,trumanssocialclub,
Tt Liquor,ttliquor,
Tupi Peckham,tupilondon,
Tuttons Restaurant,tuttonscoventgarden,
Twickenham Stadium,twickenhamstadium,
Two More Years,two_moreyears,
Two One Four,two1fourbermondsey,
Union Chapel Church,unichapelchurch,
Union Tavern,uniontavern,
Unity Diner,unitydiner,
"UNIVERSITY ARMS, Cambridge",university_arms,
Up at The O2,upattheo2,
Urban Golf Smithfield,urban_golf,
Urban Retreat,urban_retreat,
USHVANI SPA,ushvanispa,
Vagabond Battersea Power Station,vagabondwines,
Venn St. Records,vennstrcrds,
Victoria and Albert Museum,vamuseum,
Vinegar Yard,vinegaryardldn,
Vinoteca King’S Cross,vinotecawinefood,
Vintry & Mercer Hotel,vintryandmercer,
Visit Manchester,visitmanchester,
Visit Peak District & Derbyshire,visitpeakdistrict,
Visit Scotland,visitscotland,
Visit Wales,visitwales,
Voodoo Rays Peckham,voodoorays,
Voyteck,voyteckphoto,
Wahaca Covent Garden,wahaca,
Wander,wanderrestaurant,
Warner Bros. Studio Tour,wbtourlondon,
Watson’S General Telegraph,wgtelegraph,
We Are FSTVL,wearefstvl,
We Built This City,wbtclondon,
Wembley Stadium,wembleystadium,
West End LIVE,westendlive,
West End On The Thames,westendonthethames,
Westfield London,westfieldlondon,
Westow House,westowhouse,
Wheatsheaf Ealing,wheatsheafw5,
Wheelcake Island,wheelcakeisland,
When Abby Met Claud,when_abby_met_claud,
White Cube,whitecube,
White Post,whitepostlondon,
Whitechapel Gallery,whitechapelgallery,
Wicked,wickeduk,
Wicked Student Nights,wickedstudentnights,
Wild By Tart,wildbytart,
William The Fourth,williamthefourthpub,
Willy’s Wine Bar,wearebar_collective,
Wilton’s Music Hall,wiltonsmusichall,
Wimbledon,wimbledon,
Wink Beauty Salon,winkbeautysalonuk,
Wireless Festival,wirelessfest,
Wizard Exploratorium,wizardexploratorium,
Woods’ Silver Fleet,woods_silver_fleet,
Woolwich Works,woolwichworks,
Wright Brothers Restaurants,wrightbrosltd,
XOYO,xoyoldn,
Yapix Coffee And Wine House,yapix.house,
YMC – You Must Create,ymclondon,
Yo! Brent Cross,yosushi,
Zabludowicz Collection,zabludowicz_collection,
Zahter,zahterlondon,
ZSL London Zoo,zsllondonzoo,